<?xml version="1.0" encoding="utf-8"?>
<odoo>
    <data>	

    <record model="ir.module.category" id="veterinary_management">
        <field name="name">Equi Clinic</field>
        <field name="description">User access level for this module</field>
        <field name="sequence">3</field>
    </record>

    <record id="group_veterinary_user" model="res.groups">
        <field name="name">User</field>
        <field name="users" eval="[(4, ref('base.user_root'))]"/>
        <field name="implied_ids" eval="[(4, ref('base.group_user'))]"/>
        <field name="category_id" ref="veterinary.veterinary_management"/>
    </record>
    <record id="group_veterinary_manager" model="res.groups">
        <field name="name">Manager</field>
        <field name="category_id" ref="veterinary.veterinary_management"/>
        <field name="implied_ids" eval="[(4, ref('veterinary.group_veterinary_user'))]"/>
    </record>
    </data>

</odoo>